id,title,corpus,poster,backdrop
676,Pearl Harbor,Pearl Harbor lifelong friendship Rafe McCawley Danny Walker put ultimate test two ace fighter pilots become entangled love triangle beautiful Naval nurse Evelyn Johnson rivalry friendsturnedfoes immediately put hold find center Japans devastating attack Pearl Harbor Dec 7 1941 takes moment change history takes love change lives nurse patriotism hawaii benaffleck joshhartnett katebeckinsale michaelbay history romance war,/y8A0Cvp8WQmZ3bjbnsL53lY0dsC.jpg,/zv1xOEQzebKyku349qDZ085FZlO.jpg
1966,Alexander,Alexander Alexander King Macedonia leads legions giant Persian Empire defeating Persians leads army across known world venturing farther westerner ever gone way India greatest legend real aristotle egypt greece colinfarrell angelinajolie valkilmer oliverstone war history action,/jrwQu72sGwGqwE8Ijne89PSIvhp.jpg,/ySK5gxvXYnn55fjCIBeJVsG17RJ.jpg
652,Troy,Troy year 1250 BC late Bronze age two emerging nations begin clash Paris Trojan prince convinces Helen Queen Sparta leave husband Menelaus sail back Troy Menelaus finds wife taken Trojans asks brother Agamemnom help get back Agamemnon sees opportunity power set 1000 ships holding 50000 Greeks Troy help Achilles Greeks able fight never defeated Trojans passion honor destiny victory love brotherbrotherrelationship adultery mythology bradpitt orlandobloom ericbana wolfgangpetersen adventure drama war,/a07wLy4ONfpsjnBqMwhlWTJTcm.jpg,/qZitv5zrSXfJafGThxmvbvTsuu5.jpg
616,The Last Samurai,Last Samurai Nathan Algren American hired instruct Japanese army ways modern warfare finds learning respect samurai honorable principles rule them Pressed destroy samurais way life name modernization open trade Algren decides become ultimate warrior fight right exist face enemy heart one man lies soul warrior japan warcrimes senseofguilt tomcruise kenwatanabe williamatherton edwardzwick drama action war,/lsasOSgYI85EHygtT5SvcxtZVYT.jpg,/4m0eLZzOr5W1BK9el9ASQrTwd0m.jpg
2024,The Patriot,Patriot proving field battle French Indian War Benjamin Martin wants nothing things preferring simple life farmer son Gabriel enlists army defend new nation America British Benjamin reluctantly returns old life protect son things worth fighting for rebel southernusa lossofson melgibson heathledger joelyrichardson rolandemmerich drama history war,/fWZd815QxUCUcrWQZwUkAp9ljG.jpg,/c9xSFZQtC4c16Vn5CMOaB1pGk9J.jpg
53182,300: Rise of an Empire,300 Rise Empire Based Frank Millers latest graphic novel Xerxes told breathtaking visual style blockbuster 300 new chapter epic saga takes action fresh battlefieldon seaas Greek general Themistokles attempts unite Greece leading charge change course war 300 Rise Empire pits Themistokles massive invading Persian forces led mortalturnedgod Xerxes Artemesia vengeful commander Persian navy Seize glory basedongraphicnovel ancientgreece duringcreditsstinger sullivanstapleton evagreen lenaheadey noammurro action war,/aOg92xVWjBRmALsHCJsz2lWnmsG.jpg,/Admlp6IYUI9UJEx451dvGldK7Mh.jpg
22972,Green Zone,Green Zone USled occupation Baghdad 2003 Chief Warrant Officer Roy Miller team Army inspectors dispatched find weapons mass destruction believed stockpiled Iraqi desert Rocketing one boobytrapped treacherous site next men search deadly chemical agents stumble instead upon elaborate coverup threatens invert purpose mission Chief Warrant Officer Roy Miller done following orders weaponofmassdestruction baghdad iraqiÂ  mattdamon gregkinnear brendangleeson paulgreengrass war action adventure,/czFIaeukSxNEccysQeys1PCkuOG.jpg,/3EE9h3xYxIastf5xVLbezH3eGps.jpg
76758,ééµåä¸éµ,ééµåä¸éµ Westerner finds refuge group women church Japans rape Nanking 1937 Posing priest attempts lead women safety  forcedprostitution childrape christianbale nini tongdawei zhangyimou drama history war,/pYltmnA1VDWl45EcVQoJYPsTpLW.jpg,/q8Ea7BIux9GevWePejuz8a1zHx8.jpg
855,Black Hawk Down,Black Hawk US Rangers elite Delta Force team attempt kidnap two underlings Somali warlord Black Hawk helicopters shot down Americans suffer heavy casualties facing intense fighting militia ground Leave Man Behind prisonersofwar wound somalia joshhartnett ewanmcgregor jasonisaacs ridleyscott action history war,/7fU5dSqKRL4XHeEUz62rCKBfYok.jpg,/dd11uT1rtjQfEwEAvWiNfXgzXtD.jpg
10733,The Alamo,Alamo Based 1836 standoff group Texan Tejano men led Davy Crockett Jim Bowie Mexican dictator Santa Annas forces Alamo San Antonio Texas never forget texas officer uprising dennisquaid billybobthornton jasonpatric johnleehancock western history war,/aZrWYkxCCwSPKp4VjVvn46uHbIX.jpg,/hz49d5AsQEVPhqvkIQnv5XKqSrX.jpg
853,Enemy at the Gates,Enemy Gates Enemy Gates war film JeanJacques Annaud 2001 takes place battle Stalingard World War II Russians Germans Men Born Heroes winter sniper worldwarii judelaw rachelweisz edharris jeanjacquesannaud war,/9cSoNnB31hGY2mL78VT8mAbz6nR.jpg,/pnEMDuaZeDXUQPPhhGTo9QMfMeA.jpg
228150,Fury,Fury Last months World War II April 1945 Allies make final push European Theater battlehardened US Army sergeant 2nd Armored Division named Wardaddy commands Sherman tank called Fury fiveman crew deadly mission behind enemy lines Outnumbered outgunned Wardaddy men face overwhelming odds heroic attempts strike heart Nazi Germany War never ends quietly worldwarii nazis war bradpitt shialabeouf loganlerman davidayer war drama action,/pfte7wdMobMF4CVHuOxyu6oqeeA.jpg,/kdbLf3aTQsEXqYlH9vA4fzmnSFz.jpg
5491,Battlefield Earth,Battlefield Earth year 3000 man match Psychlos greedy manipulative race aliens quest ultimate profit Led powerful Terl Psychlos stripping Earth clean natural resources using broken remnants humanity slaves left human race descended near primitive state captured Tyler save mankind Take Back Planet basedonnovel postapocalyptic dystopia johntravolta barrypepper forestwhitaker rogerchristian action sciencefiction war,/wXCRuBHdJ5aTFQdsuGJFXNdo79T.jpg,/hqJfW8G8FL28rckFHuCoKPecpG9.jpg
9567,Tears of the Sun,Tears Sun Navy SEAL Lieutenant AK Waters elite squadron tactical specialists forced choose duty humanity following orders ignoring conflict surrounds them finding courage follow conscience protect group innocent refugees democratic government Nigeria collapses country taken ruthless military dictator Waters fiercely loyal hardened veteran dispatched routine mission retrieve Doctors Without Borders physician trained follow orders became hero defying them usarmy nigeria president brucewillis monicabellucci colehauser antoinefuqua action drama war,/fUnSSQukwTwBSdCbufEE36petLq.jpg,/n2wlMpTuiovYCZHpwKtbSTY8Wor.jpg
9425,Soldier,Soldier Sergeant Todd veteran soldier elite group armed forces defeated new breed genetically engineered soldiers dumped waste planet left dead soon interacts group crash survivors lead peaceful existence peace broken new soldiers land planet eliminate colony Sergeant Todd must defend Left dead remote planet obsolete machines people fallen hero one last battle fight spacemarine dystopia alienplanet kurtrussell jasonscottlee jasonisaacs paulwsanderson action war sciencefiction,/rYy5m4nnjdlvB6dyGkP9ELZbUZz.jpg,/eYrjffVvcc0MEgy9RcquvWyBGtQ.jpg
25,Jarhead,Jarhead Jarhead film US Marine Anthony Swoffordâs experience Gulf War putting arduous boot camp Swafford unit sent Persian Gulf earger fight forced stay back action Meanwhile Swofford gets news girlfriend cheating him Desperately wants kill someone finally put training use Welcome suck sniper marinecorps saudiarabia jamiefoxx jakegyllenhaal scottmacdonald sammendes drama war,/55WJCdayHwoXJwRv3prpqscHt2q.jpg,/bQ8fRUaitJvi54O2lUT6Ta7FVHK.jpg
10590,We Were Soldiers,Soldiers story first major battle American phase Vietnam War soldiers sides fought it 400 US paratroopers 4000 Vietnamese soldiers 12 000 miles away home 1 man led battle vietnamveteran missile vietnamwar melgibson gregkinnear madeleinestowe randallwallace action history war,/q2LeLzw4q9HTelkKx29dyTMf5zK.jpg,/98YHKGqgiRSnjkpOvht9DJEhYHe.jpg
57212,War Horse,War Horse Follows young man named Albert horse Joey bond broken Joey sold cavalry sent trenches World War One Despite young enlist Albert heads France save friend Separated War Tested Battle Bound Friendship worldwari horse farmlife tomhiddleston benedictcumberbatch tobykebbell stevenspielberg drama war,/7KHz6JlJhrFAPesmUkgdnLrSr8Y.jpg,/tcx15vswrQJCGET5lGxESQ4J5LG.jpg
152760,The Monuments Men,Monuments Men Based true story greatest treasure hunt history Monuments Men action drama focusing seven overthehill outofshape museum directors artists architects curators art historians went front lines WWII rescue worldâs artistic masterpieces Nazi thieves return rightful owners art hidden behind enemy lines could guys hope succeed greatest art heist history worldwarii nazis arttheft mattdamon cateblanchett georgeclooney georgeclooney war drama history,/wiWAg4mKV2S4vImPxsPRIdj2R2B.jpg,/uLBJtONQwHoGc61vbIfoC6a9gUp.jpg
10592,Hart's War,Harts War Fourthgeneration Army Col William McNamara imprisoned brutal German POW camp Still seniorranking American officer commands fellow inmates keeping sense honor alive place honor easy destroy dangerous eye Luftwafe vetran Col Wilhelm Visser Never giving fight win war McNamara silently planning waiting moment strike back enemy murder camp gives chance set risky plan motion court martial keep Visser Germans distracted McNamara orchestrates cunning scheme escape destroy nearby munitions plant enlisting unwitting help young Lt Tommy Hart Together men McNamara uses heros resolve carry mission ultimately forced weigh value life good country Beyond Courage Beyond Honor blackpeople worldwarii prisonersofwar brucewillis colinfarrell terrencehoward gregoryhoblit drama war,/yRUhSU7vzs5ePa72LNPcKKCCMZ5.jpg,/z9BwMdHqKhVhRi2s5BcihGiqWWZ.jpg
857,Saving Private Ryan,Saving Private Ryan US troops storm beaches Normandy three brothers lie dead battlefield fourth trapped behind enemy lines Ranger captain John Miller seven men tasked penetrating Germanheld territory bringing boy home mission man warcrimes selfsacrifice warveteran tomhanks mattdamon vindiesel stevenspielberg drama history war,/uqx37cS8cpHg8U35f9U5IBlrCV3.jpg,/bdD39MpSVhKjxarTxLSfX6baoMP.jpg
227306,Unbroken,Unbroken chronicle life Louis Zamperini Olympic runner taken prisoner Japanese forces World War II Survival Resilience Redemption worldwarii prisonersofwar biography jackoconnell domhnallgleeson garretthedlund angelinajolie drama war,/vAlHUjHwLWMV5mg4epGR9WSIfiy.jpg,/aEpiew7x4CKpz5uZhfLGjaQ5Mkt.jpg
1271,300,300 Based Frank Millers graphic novel 300 loosely based 480 BC Battle Thermopylae King Sparta led army advancing Persians battle said inspired Greece band together Persians helped usher worlds first democracy Spartans prepare glory evisceration javelin shield gerardbutler lenaheadey dominicwest zacksnyder action adventure war,/bH82UMPNU9hx3qzjyHUnwghqmDS.jpg,/lgBZlJ1LHQel5nneNQMoesmvc7l.jpg
13922,The Great Raid,Great Raid World War II rages elite Sixth Ranger Battalion given mission heroic proportions push 30 miles behind enemy lines liberate 500 American prisoners war daring rescue mission time story never told basedonnovel worldwarii prisonersofwar benjaminbratt jamesfranco connienielsen johndahl action history war,/k5Q76tzV2T4RtDdYwNj64c1qQ16.jpg,/6gFB71pIo0PY3OOrojTQ97Qy8qq.jpg
190859,American Sniper,American Sniper US Navy SEAL Chris Kyle takes sole missionâprotect comradesâto heart becomes one lethal snipers American history pinpoint accuracy saves countless lives also makes prime target insurgents Despite grave danger struggle good husband father family back States Kyle serves four tours duty Iraq However finally returns home finds cannot leave war behind lethal sniper US history sniper biography iraq bradleycooper siennamiller kylegallner clinteastwood war action,/i1U46OwMc6vlm7OoSUKfqUH615e.jpg,/nrpivVyJjRQqVDhRTZWVPWqYwQp.jpg
16072,Gods and Generals,Gods Generals film centers mostly around personal professional life Thomas Stonewall Jackson brilliant eccentric Confederate general outbreak American Civil War halfway point Jackson killed accidentally soldiers May 1863 greatest victory nations heart touched by war battle unionsoldier stephenlang jeffdaniels robertduvall ronaldfmaxwell drama history war,/sMzhx48PQCv7RTeyYlCDQgjHVlf.jpg,/zIvABsW1PhqLfbMGRuPqd6th8Dx.jpg
3683,Flags of Our Fathers,Flags Fathers five Marines one Navy Corpsman photographed raising US flag Mt Suribachi Joe Rosenthal February 23 1945 story three six surviving servicemen â John Doc Bradley Pvt Rene Gagnon Pvt Ira Hayes fought battle take Iwo Jima Japanese fight country die friends worldwarii dyinganddeath pacific ryanphillippe adambeach jessebradford clinteastwood war drama history,/2nkPrhf4YIyMFelfe4zdOnGRYz5.jpg,/vscsDExaKK0oKqrYBze9Tm2oitf.jpg
8741,The Thin Red Line,Thin Red Line Based graphic novel James Jones Thin Red Line tells story group men Army Rifle company called CforCharlie change suffer ultimately make essential discoveries fierce World War II battle Guadalcanal follows journey surprise unopposed landing bloody exhausting battles follow ultimate departure survived powerful frontline cast  including Sean Penn Nick Nolte Woody Harrelson George Clooney  explodes action hauntingly realistic view military moral chaos Pacific World War II Every man fights war basedonnovel japanese worldwarii seanpenn adrienbrody jimcaviezel terrencemalick drama history war,/seMydAaoxQP6F0xbE1jOcTmn5Jr.jpg,/hsDyfAk2ml82IrpPC4AHvxvuTsn.jpg
316152,Free State of Jones,Free State Jones 1863 Mississippi farmer Newt Knight serves medic Confederate Army Opposed slavery Knight would rather help wounded fight Union nephew dies battle Newt returns home Jones County safeguard family soon branded outlaw deserter Forced flee finds refuge group runaway slaves hiding swamps Forging alliance slaves farmers Knight leads rebellion would forever change history Based incredible true story slavery americancivilwar matthewmcconaughey gugumbatharaw mahershalaali garyross war action drama,/pKhJLNHu5Aw8BgxOJ90lCmg0j0f.jpg,/crVDxx9KgNW7Bm1wyXqBYpzG2TS.jpg
113464,Inchon,Inchon noisy absurd retelling great 1950 invasion Inchon Korean War masterminded General Douglas MacArthur LOVE DESTINY HEROES War Changes Everything  laurenceolivier jacquelinebisset bengazzara terenceyoung drama history war,/wq7hdBXdEYEkT9lstETxVQvZ8Ki.jpg,/i3MUft0U8AsWOtEEPnmQYxbxPRc.jpg
12412,Miracle at St. Anna,Miracle St Anna Miracle St Anna chronicles story four American soldiers members allblack 92nd Buffalo Soldier Division stationed Tuscany Italy World War II  blackpeople worldwarii toscana derekluke michaelealy lazalonso spikelee drama war,/7PqmgaQBuD0Zp9pDIkkEjkhCJUj.jpg,/hY3O9tTA6xlk5l7xamO4uVNxEN2.jpg
11858,Renaissance Man,Renaissance Man Danny DeVito plays advertising man slowly sliding downhill fired job Detroit signs unemployment One day find job Teaching thinking skills Army recruits arrives base find structure set class One Mans Mission Teach Few Proud Impossible vietnamveteran commercial advertisingexpert dannydevito markwahlberg gregoryhines pennymarshall comedy war,/iPRtaSfN8gNWFclgrcg5oD3V41i.jpg,/zXsQxe9OKCnzBI1OBMlE15fryys.jpg
19495,Nomad,Nomad Nomad historical epic set 18thcentury Kazakhstan film fictionalised account youth comingofage Ablai Khan grows fights defend fortress Hazrate Turkestan Dzungar invaders Courage know limit  kunobecker jayhernandez jasonscottlee sergeibodrovjr action history war,/vLHtz57xpPBrIl9YAhEgC29LCyk.jpg,/vlKBYymF54exCFe99kObyTSHnFY.jpg
256040,Baahubali: The Beginning,Baahubali Beginning young Shivudu left foundling small village mother time heâs grown up become apparent possesses exceptional gifts meets beautiful warriorprincess Avanthika learns queen held captive last 25 years Shividu sets rescue her discovering origins process  kingdom war bollywood prabhas ranadaggubati tamannabhatia ssrajamouli action adventure war,/9BAjt8nSSms62uOVYn1t3C3dVto.jpg,/xpu8enBAtOHo8KS5eGNONsC6GaS.jpg
409,The English Patient,English Patient Beginning 1930s The English Patient tells story Count AlmÃ¡sy Hungarian map maker employed Royal Geographical Society chart vast expanses Sahara Desert along several prominent explorers World War II unfolds AlmÃ¡sy enters world love betrayal politics later revealed series flashbacks AlmÃ¡sy death bed horribly burned plane crash love boundaries cairo egypt identity ralphfiennes juliettebinoche willemdafoe anthonyminghella drama romance war,/8eHHqMg8qEYtVw8LQLygsHXSR2q.jpg,/v6Xxo34CHXKRmqMwjNknBTDo8Oz.jpg
423,The Pianist,Pianist Pianist film adapted biography Wladyslaw Szpilman JewishPolish pianist second world war lived hid miraculously Warsaw gone terrible tragedy film Roman Polanski Music passion Survival masterpiece individual resistance radiostation adrienbrody thomaskretschmann frankfinlay romanpolanski drama war,/2hFvxCCWrTmCYwfy7yum0GKRi3Y.jpg,/dVr11o9or7AS8AMPfwjSpEU83iU.jpg
9093,The Four Feathers,Four Feathers story set 1875 follows British officer Heath Ledger resigns post learns regiments plan ship Sudan conflict Mahdi friends fiancÃ©e send four white feathers symbolize cowardice redeem honor disguises Arab secretly saves lives branded coward Freedom Country Honor Passion save best friend one man must risk everything loves islam sex loyalty heathledger wesbentley katehudson shekharkapur war adventure drama,/jE5Fdoq2xZqfNEptdSXMJr1uN8x.jpg,/g3B1OkWVXXaseAV3iyhCV41IUEJ.jpg
26843,Lion of the Desert,Lion Desert movie tells story Omar Mukhtar Arab Muslim rebel fought Italian conquest Libya WWII gives western viewers glimpse littleknown region chapter history exposes savage means conquering army attempted subdue natives man honor war without any italy middleeast resistance anthonyquinn rodsteiger oliverreed moustaphaakkad action history war,/fXzxGDuFT3dCV1UIeEmuuUfXCue.jpg,/ufWUMAyKhgnR6Sy1qSalICA4flo.jpg
11876,Le Hussard sur le toit,Le Hussard sur le toit time war disease young officer gallantly tries help young woman find husband  italian newlove provence juliettebinoche oliviermartinez pierrearditi jeanpaulrappeneau war adventure drama,/tsmwnxi8hGXQTNVqBRCAVsfeGON.jpg,/5aXOJ5cpzodpZoTDe4NVL0kSkRl.jpg
22267,Ride with the Devil,Ride Devil Ride Devil follows four people fighting truth justice amidst turmoil American Civil War Director Ang Lee takes us mans land MissouriKansas border staunch loyalist immigrants son freed slave young widow form unlikely friendship learn survive uncertain time place without rules redefine meaning bravery honor Nomans Land North South fight Blue Grey fought friends family civilwar friends bushwhacker tobeymaguire skeetulrich jeffreywright anglee drama war romance,/pH3J5IUzho4ZVaRuTuErzqHHovb.jpg,/bGuOv99Qy3aSvUzwt8eqwlGq8wz.jpg
182,The Good German,Good German American journalist played George Clooney arrives Berlin end World War Two becomes involved murder mystery surrounding dead GI washes lakeside mansion Potsdam negotiations Allied powers Soon investigation connects search married prewar German lover played Cate Blanchett war Hell comes after berlin corruption nazibackground georgeclooney cateblanchett tobeymaguire stevensoderbergh war crime drama,/3LjHC2CWDkzoiPehf3GViujws0.jpg,/vr9xAWJeIkYJWAYmIov5WNHEAf6.jpg
28,Apocalypse Now,Apocalypse height Vietnam war Captain Benjamin Willard sent dangerous mission that officially does exist ever exist goal locate  eliminate  mysterious Green Beret Colonel named Walter Kurtz leading personal army illegal guerrilla missions enemy territory end guerrilla river vietnam martinsheen marlonbrando robertduvall francisfordcoppola drama war,/gQB8Y5RCMkv2zwzFHbUJX3kAhvA.jpg,/9Qs9oyn4iE8QtQjGZ0Hp2WyYNXT.jpg
9665,Glory,Glory Robert Gould Shaw leads US Civil Wars first allblack volunteer company fighting prejudices Union army Confederates innocence heritage lives war racism battle matthewbroderick denzelwashington caryelwes edwardzwick war,/tubPIJJah9iJ9eDHXxaxjLdOcQd.jpg,/eW8c4u3WhOVkPMnfe294lXggO3i.jpg
5902,A Bridge Too Far,Bridge Far Tells story operation Market Garden failed attempt allies latter stages WWII end war quickly securing three bridges Holland allowing access Rhine Germany combination poor allied intelligence presence two crack German panzer divisions meant final part operation the bridge Arnhem Rhine doomed failure sky comes screens incredible spectacle men war netherlands worldwarii panzer dirkbogarde jamescaan michaelcaine richardattenborough drama history war,/lszOk3Xmh7qpLaM9J4K9E6ADLk1.jpg,/26feWH2NF8XqxuMzfkJTp9T5dfQ.jpg
7445,Brothers,Brothers helicopter goes fourth tour duty Afghanistan Marine Sam Cahill presumed dead Back home brother Tommy steps look Samâs wife Grace two children Samâs surprise homecoming triggers domestic mayhem two sides every family brotherbrotherrelationship brotherinlaw lossofhusband tobeymaguire jakegyllenhaal natalieportman jimsheridan drama thriller war,/ySXRgHCdelVtvUyHcKGpiQKb052.jpg,/kPtN2N9zxXpSSuHVBSyZnRuDjM8.jpg
424,Schindler's List,Schindlers List true story businessman Oskar Schindler saved thousand Jewish lives Nazis worked slaves factory World War II Whoever saves one life saves world entire factory concentrationcamp hero liamneeson benkingsley ralphfiennes stevenspielberg drama history war,/sF1U4EUQS8YHUYjNl3pMGNIQyr0.jpg,/zb6fM1CX41D9rF9hdgclu0peUmy.jpg
22971,Dear John,Dear John Sergeant John Tyree home 2 week leave Germany meets Savannah dives ocean retrieve Savannahs purse fallen pier John falls love Savannah student spring break helping build house Habitat Humanity romance occurs Savannah falls deeply love John promises write John overseas returns Love brought together fate tear apart basedonnovel army love amandaseyfried channingtatum henrythomas lassehallstrÃ¶m drama romance war,/2lAPv2jQ5eh54l4EttA9wjDljED.jpg,/duC9QWccFMy8HNjDWgYeWcKoiw.jpg
10655,Gettysburg,Gettysburg Summer 1863 Confederacy pushes north Pennsylvania Union divisions converge face them two great armies clash Gettysburg site theology school three days legendary actions Little Round Top Picketts Charge fate one nation indivisible hangs balance  civilwar independence troops jeffdaniels tomberenger martinsheen ronaldfmaxwell war drama history,/566AVv5fwoQTdFy37JXc8QcyDSy.jpg,/o0KR5pXjoMuyNP9xnScGEE5zdX9.jpg
8988,Stop-Loss,StopLoss veteran soldier returns completed tour duty Iraq find life turned upside arbitrarily ordered return field duty Army bravest place stand others side posttraumaticstressdisorder iraqwarveteran ussoldier ryanphillippe abbiecornish josephgordonlevitt kimberlypeirce drama war,/hsmZcNzPGnZwRgCKAfIr1JngYu5.jpg,/bMkwq0BYNHgdU9zhOFGr3Q4V85s.jpg
10313,The Men Who Stare at Goats,Men Stare Goats reporter Iraq might story lifetime meets Lyn Cassady guy claims former member US Armys New Earth Army unit employs paranormal powers missions goats glory vietnamveteran kuwait newage georgeclooney ewanmcgregor jeffbridges grantheslov comedy war,/5boJKypPQmgABssbKOk2RvsCnSv.jpg,/lAJpYAepH7bic2TmE7ZP8q404P4.jpg
256917,The Water Diviner,Water Diviner 1919 Australian farmer Joshua Connor travels Turkey discover fate three sons reported missing action Holding hope Joshua must travel across wartorn landscape find truth peace honour promise find sons make peace istanbul australia postworldwari russellcrowe olgakurylenko yÄ±lmazerdoÄan russellcrowe war drama,/kIlVtC22BDNiiAiCvSZoOS7FhY9.jpg,/ixJQ8u7lnCO1j7ldHAOzv3UF5Hz.jpg
9075,Zwartboek,Zwartboek Nazioccupied Netherlands World War II Jewish singer infiltrates regional Gestapo headquarters Dutch resistance fight enemy must become one them inlovewithenemy netherlands worldwarii caricevanhouten sebastiankoch thomhoffman paulverhoeven drama thriller war,/j5KX7vuvIu07o5FAmRuGXV5qUFM.jpg,/1OK9voMZPeeXZ9OFcT7sUJJxmSw.jpg
256962,Little Boy,Little Boy eightyearold boy willing whatever takes end World War II bring father home story reveals indescribable love father little boy love son father Believe impossible japanese worldwarii spirituality jakobsalvati emilywatson caryhiroyukitagawa alejandromonteverde comedy drama war,/lAU9pgq3niI6sFemcKm4FGGmrnW.jpg,/xKtWcQD2yugIKz49LvZNHdLM09T.jpg
14582,Passchendaele,Passchendaele Sergeant Michael Dunne fights 10th Battalion AKA Fighting Tenth 1st Canadian Division participated major Canadian battles war set record highest number individual bravery awards single battle  nurse battle platoon paulgross carolinedhavernas joedinicol paulgross drama romance war,/2FMtSxzF2fR5dx5was9Kftjag0U.jpg,/mm5itexxDxDZBemUrdX4Mm8Owgk.jpg
13405,é»ç³çå­©å­,é»ç³çå­©å­ young British journalist George Hogg assistance courageous Australian nurse saves group orphaned children Japanese occupation China 1937 War made orphans one man made legends basedontruestory duringcreditsstinger jonathanrhysmeyers radhamitchell chowyunfat rogerspottiswoode drama war,/qjmo26BnSimVjhCE97cH8VCtEUV.jpg,/lP1lJJFCchOWwwqauM1C2ZC63vY.jpg
10364,Catch-22,Catch22 bombardier World War II tries desperately escape insanity war However sometimes insanity sane way cope crazy situation Catch22 parody military mentality bureaucratic society general  worldwarii island bomber alanarkin martinbalsam richardbenjamin mikenichols war comedy drama,/eSB3i3vvFiRTszmZVawWqROzM6p.jpg,/lWPEcBCEvbTX0VtSnSnXu6jSvH1.jpg
205,Hotel Rwanda,Hotel Rwanda Inspired true events film takes place Rwanda 1990s million Tutsis killed genocide went mostly unnoticed rest world Hotel owner Paul Rusesabagina houses thousand refuges hotel attempt save lives world closed eyes opened arms rwanda refugee refugeecamp doncheadle sophieokonedo nicknolte terrygeorge drama history war,/p3pHw85UMZPegfMZBA6dZ06yarm.jpg,/ljEdpkceJ9b3TEcTVQISS0Goft0.jpg
1417,El laberinto del fauno,El laberinto del fauno Living tyrannical stepfather new home pregnant mother 10yearold Ofelia feels alone explores decaying labyrinth guarded mysterious faun claims know destiny wishes return real father Ofelia must complete three terrifying tasks happens makebelieve believes real spain resistance servant ivanabaquero maribelverdÃº sergilÃ³pez guillermodeltoro fantasy drama war,/s8C4whhKtDaJvMDcyiMvx3BIF5F.jpg,/6G6nqSW9S7EHA9HrYl0Z8uo2H7f.jpg
16351,Ararat,Ararat variety characters close relatives others distant strangers affected making film Armenian Genocide 1915  destructionofacivilization turkey simonabkarian charlesaznavour christopherplummer atomegoyan war drama,/jNrSWEKqxrZP0RsTD5povskryYp.jpg,/xJZmoX5r5zcvJNbeqBGgdizC0d9.jpg
744,Top Gun,Top Gun Lieutenant Pete Maverick Mitchell friend CoPilot Nick Goose Bradshaw accepted elite training school fighter pilots dream come true tragedy well personal demons threaten Petes dreams becoming Ace pilot best best lovesickness lossoflover fighterpilot tomcruise kellymcgillis valkilmer tonyscott action romance war,/xUuHj3CgmZQ9P2cMaqQs4J0d4Zc.jpg,/jILeJ60zPpIjjJHGSmIeY4eO30t.jpg
11778,The Deer Hunter,Deer Hunter group workingclass friends decides enlist Army Vietnam War finds hellish chaos  noble venture imagined left Steven married pregnant girlfriend  Michael Nick love woman three different men upon return One important powerful films time vietnamveteran pennsylvania vietnam robertdeniro johncazale johnsavage michaelcimino drama war,/bbGtogDZOg09bm42KIpCXUXICkh.jpg,/a5zBQfXmLk3qqRYF7AioWpiAxk2.jpg
12162,The Hurt Locker,Hurt Locker Forced play dangerous game catandmouse chaos war elite Army bomb squad unit must come together city everyone potential enemy every object could deadly bomb know it sniper explosive loyalty jeremyrenner anthonymackie briangeraghty kathrynbigelow drama thriller war,/m2duGsKjBOl3BB8uFOTnRUzdEhg.jpg,/off0xgvtfHY82l3MC4mDpCk1APY.jpg
9104,Buffalo Soldiers,Buffalo Soldiers Set fall Berlin Wall 1989 Sgt Ray Elwood American soldier stationed German army camp soldier judge gave choice army jail Ray spends much free time cooking cocaine MPs soldier dies toxicology screen shows alarming level illegal narcotics someone sent investigate War hell peace f boring germany corruption sex joaquinphoenix edharris scottglenn gregorjordan drama comedy war,/qNl4T8xxC0xDeX8JFJVCBzH4Kg8.jpg,/h02PKNxjnklbZhK8sqhNvO2Yg3q.jpg
53457,Elle s'appelait Sarah,Elle sappelait Sarah night 16 July 1942 ten year old Sarah parents arrested transported Velodrome dHiver Paris thousands jews send get deported Sarah however managed lock little brother closed police entered appartmentSixty years later Julia Jarmond American journalist Paris gets assignment write article raid black page history France starts digging archives Sarahs file discovers well kept secret inlaws   kristinscottthomas nielsarestrup frÃ©dÃ©ricpierrot gillespaquetbrenner drama war,/peGUaf6HrX7jSi1HifX64QJb7pm.jpg,/okAHapFqs7Gx9wI8avrMVXVRUzU.jpg
2604,Born on the Fourth of July,Born Fourth July biography Ron Kovic Paralyzed Vietnam war becomes antiwar prohuman rights political activist feeling betrayed country fought for story innocence lost courage found vietnamveteran posttraumaticstressdisorder bar tomcruise raymondjbarry carolinekava oliverstone drama war,/k5HfnMgaREHDNA7CugiETCb9ItM.jpg,/gjZFMKtoJdpEDt3T0dnoiMfXYof.jpg
10368,Tea with Mussolini,Tea Mussolini Semiautobiographical film directed Franco Zeffirelli telling story young Italian boy Lucas upbringing circle English American women World War II  italy hotel lossofmother cher judidench joanplowright francozeffirelli comedy drama war,/i3rAPxhhDjqsL1rZJM57pyR7xFW.jpg,/w5AkUNcQP5FtEhEBeU3yioZOczN.jpg
613,Der Untergang,Der Untergang April 1945 Germany stands brink defeat Russian Army closing east Allied Expeditionary Force attacking west Berlin capital Third Reich Adolf Hitler proclaims Germany still achieve victory orders generals advisers fight last man end finally come Hitler lies dead hand left military must find way end killing Battle Berlin lay arms surrender April 1945 nation awaits itsDownfall berlin poison dictator brunoganz alexandramarialara corinnaharfouch oliverhirschbiegel drama history war,/cP1ElGjBhbZAAqmueXjHDKlSwiP.jpg,/xgAEfHByamMdRCA31oERQrsiutF.jpg
801,"Good Morning, Vietnam",Good Morning Vietnam Radio funny man Adrian Cronauer sent Vietnam bring little comedy back lives soldiers setting shop Cronauer delights GIs shocks superior officer Sergeant Major Dickerson irreverent take war Dickerson attempts censor Cronauers broadcasts Cronauer pursues relationship Vietnamese girl named Trinh shows horrors war firsthand Time rock Delta DMZ rockandroll radiostation warcrimes robinwilliams forestwhitaker tungthanhtran barrylevinson comedy drama war,/rcod81d34X1avhRIKBOQ4BsHtYZ.jpg,/l04cyHUP6PCAozc2GMEHPguu7AN.jpg
79777,In the Land of Blood and Honey,Land Blood Honey Bosnian War Danijel soldier fighting Serbs reencounters Ajla Bosnian whos captive camp oversees promising connection become ambiguous motives changed Love change wantâ¦ war change muslim sistersisterrelationship sarajevo zanamarjanoviÄ gorankostiÄ brankoÄuriÄ angelinajolie drama romance war,/h1r4qey0K8PG9OgQdDqQcXtMq6c.jpg,/yN5YJfbzgxSPFbXkxlJedHyVZTw.jpg
407887,ì¸ì²ìë¥ìì ,ì¸ì²ìë¥ìì  squad soldiers fight Korean Wars crucial Battle Incheon Odds 5000 1 â¦ One Needed korea fictionalizedhistory operationtrudyjackson leejungjae liamneeson leebeomsoo johnhlee history drama war,/kHnmjA8w4wf4fLsPB9Wmhy2qqTy.jpg,/7kyhEU4T9SnUiB6qseTPQjClTuz.jpg
14574,The Boy in the Striped Pyjamas,Boy Striped Pyjamas family moves home Berlin strange new house Poland young Bruno befriends Shmuel boy lives side fence everyone seems wearing striped pajamas Unaware Shmuels fate Jewish prisoner role Nazi father plays imprisonment Bruno embarks dangerous journey inside camps walls Lines may divide us hope unite us nationalism concentrationcamp worldwarii asabutterfield jackscanlon verafarmiga markherman war drama,/2C8QCXdMlojTxZjfBlINr4FWcb6.jpg,/7fJAYM0rhzpEhCK6wxbQ412EoYW.jpg
75674,Act of Valor,Act Valor covert mission rescue kidnapped CIA operative uncovers chilling plot elite highly trained US SEAL team speeds hotspots around globe racing clock stop deadly terrorist attack easy day yesterday submarine navy scubadiving roselynsÃ¡nchez emiliorivera nestorserrano mikemccoy action thriller war,/1Xcd5ci69pVXMPP02DU11Ffq0yY.jpg,/bHefJgSTO3JOZy9fETN6cWpvbMX.jpg
11202,Patton,Patton Patton tells tale General George S Patton famous tank commander World War II film begins pattons career North Africa progresses invasion Germany fall Third Reich Side plots also speak Pattons numerous faults temper habit towards insubordination Rebel Warrior general worldwarii normandy georgecscott karlmalden stephenyoung franklinjschaffner drama history war,/rLM7jIEPTjj4CF7F1IrzzNjLUCu.jpg,/kOPYCJJVodXk76DutR217BkundU.jpg
41508,SorstalansÃ¡g,SorstalansÃ¡g Hungarian youth comes age Buchenwald World War II GyÃ¶rgy KÃ¶ves 14 son merchant whos sent forced labor camp fathers departure GyÃ¶rgy gets job brickyard bus stopped Jewish occupants sent camps There GyÃ¶rgy find camaraderie suffering cruelty illness death hears advice preserving ones dignity selfesteem discovers hatred survive returns Budapest find natural Jew Sepia black white color alternate shade mood close eyes turn away never forget budapest hungary concentrationcamp marcellnagy bÃ©ladÃ³ra bÃ¡lintpÃ©ntek lajoskoltai war drama,/eLR8T7uNFNYYwne7Z1fAjQi8Nzy.jpg,/mgpxgM0Cimklw3tqOfTgZfFJB2c.jpg
21345,åäº¬!åäº¬!,åäº¬åäº¬ City Life Death takes place 1937 height Second SinoJapanese War Imperial Japanese Army captured thencapital Republic China Nanjing followed known Nanking Massacre Rape Nanking period several weeks wherein tens thousands Chinese soldiers civilians killed  warcrimes massmurder warvictim liuye gaoyuanyuan hideonakaizumi luchuan drama history war,/xY6OUM2aRCmmq1ySTg2eu5rVmcq.jpg,/bt2ncrRtVwOLw30fUn31eDCbE0o.jpg
50601,5 Days of War,5 Days War American journalist cameraman caught combat zone first Russian airstrikes Georgia Rescuing Tatia young Georgian schoolteacher separated family attack two reporters agree help reunite family exchange serving interpreter three attempt escape safety witnessand documentthe devastation fullscale crossfire coldblooded murder innocent civilians weapon truth journalist interpreter georgiaeurope rupertfriend valkilmer andygarcÃ­a rennyharlin war drama,/hnMThO1o6zyKAY0C3LUmccVg7SU.jpg,/yHw26MRmwu8HDKsDsWJZZt3XEi.jpg
907,Doctor Zhivago,Doctor Zhivago Doctor Zhivago filmed adapation Russian novel Boris Pasternak director David Lean international success today deemed classic Omar Sharif Julie Christie play two protagonists fact love yet current situation cannot find way together Turbulent times fiery love story Zhivago wife passionate tender Lara lovetriangle nurse suicideattempt omarsharif juliechristie geraldinechaplin davidlean drama romance war,/r0Iv2BiCFYDnzc6uU1q3AJ56igT.jpg,/kMdvowuSvAbYfugANje3qUqkbxQ.jpg
3175,Barry Lyndon,Barry Lyndon Eighteenth Century small village Ireland Redmond Barry young farm boy love cousin Nora Brady Nora engages British Captain John Quin Barry challenges duel pistols wins escapes Dublin robbed road Without alternative Barry joins British Army fight Seven Years War long last Redmond Barry became gentleman  tragedy palace britisharmy fencing ryanoneal marisaberenson hardykrÃ¼ger stanleykubrick drama romance war,/A0byHUHMwZ7dtBQtfZ44QIgDbjo.jpg,/okdg55jhsr9k1F2lxsZoQncrLZL.jpg
9952,Rescue Dawn,Rescue Dawn US Fighter pilots epic struggle survival shot mission Laos Vietnam War true story survival declassified warcrimes violence laotiansoldier christianbale stevezahn marshallbell wernerherzog adventure drama war,/7a99nU5k9e3FhBNWfPzR3yRMArl.jpg,/zJ8bdQOhRiDh0Gnl5H2sic1h1Bu.jpg
184374,Cinco de Mayo: La Batalla,Cinco de Mayo La Batalla May 5th 1862 thousand Mexican soldiers put lives line worlds largest powerful army one legendary battle freedom Mexico  mexican christianvazquez lizgallardo angÃ©licaaragÃ³n rafalara war history drama,/7MAtraeiaKnTrbtzUBbc9SHkdct.jpg,/iDvsknGjTpApEBjixGtRta5QTtf.jpg
18516,Adam Resurrected,Adam Resurrected war Berlin Adam entertainer cabaret impresario magician musicianloved finds concentration camp confronted Commandant Klein Adam survives camp becoming Kleins dog entertaining wife daughter sent die Adam Resurrected story man dog meets dog boy  holocaust nazis israeli jeffgoldblum willemdafoe derekjacobi paulschrader drama war,/k0Di5lSe0oIzpJle2O9T5di4w3M.jpg,/tu47zkWP7WuESDaxdPDhbs3rPKR.jpg
31174,Richard III,Richard III Shakespeares Play transplanted 1930s setting smile murder smile england shakespeare kidnapping ianmckellen annettebening jimbroadbent richardloncraine drama war,/cJYgc7UYfQE4EaKzR6Qwy3PF478.jpg,/l8gbqIvow8rXFblM5IzYI5AKN8Z.jpg
10705,Henry V,Henry V Gritty adaption William Shakespeares play English Kings bloody conquest France great adventure king defied odds prove man shakespeare hero kingdom kennethbranagh derekjacobi brianblessed kennethbranagh war drama history,/ikB1oZb2EijrIEzHB3gH5P38ZWX.jpg,/usbfKNeqx5FrHByBf7Fzf9WDuIl.jpg
43418,Beneath Hill 60,Beneath Hill 60 true story Australias catandmouse underground mine warfare â one misunderstood misrepresented mystifying conflicts WW I secret struggle BENEATH Western Front combined daring engineering technology science surface knew brave claustrophobic sometimes barbaric work tunnellers BENEATH HILL 60 featuring Captain Woodward MC commanding Australian Hill 60 Tunnelers World War 1  brendancowell harrisongilbertson stevelemarquand jeremysims drama history war,/5eHtQC77fmILNRd7FG70SOdChs8.jpg,/fwNICuPTTExPBWTH8osYeEjTCbo.jpg
1116,The Wind That Shakes the Barley,Wind Shakes Barley Set 1920âs Irish revolution British Irish medical student start new job London â witnesses mercenary atrocities British decides join brother IRA fight Irish independence Winner PALME DOR 2006 Cannes Film Festival londonengland brotherbrotherrelationship england cillianmurphy pÃ¡draicdelaney liamcunningham kenloach drama history war,/9XquDdOGrlC0EAbPoOXALqS2dDh.jpg,/fKrFGB96kVeJ9uE83Jc4fIWBgqO.jpg
17044,The Land Girls,Land Girls World War II organisation The Womens Land Army recruited women work British farms men war Three land girls different social backgrounds  quiet Stella young hairdresser Prue Cambridge graduate Ag  become best friends spite different backgrounds story three young women events would change lives friendships would stay forever loves would change hearts  catherinemccormack rachelweisz annafriel davidleland drama romance war,/xhbTg45Elmgh2SAe70aDTy3vPPJ.jpg,/1a1AZaWccuaFsoJ1fS3JOUUnw5f.jpg
283708,Loin des hommes,Loin des hommes French teacher small Algerian village Algerian War forms unexpected bond dissident ordered turned authorities  fire classroom hostage viggomortensen redakateb djemelbarek davidoelhoffen drama war,/wREvEplB0wUf9eGLVTWpCR4Dz8o.jpg,/boHbhtXnKprUrJBnZyy1eTXQBCh.jpg
46738,Incendies,Incendies mothers last wishes send twins Jeanne Simon journey Middle East search tangled roots Adapted Wajdi Mouawads acclaimed play Incendies tells powerful moving tale two young adults voyage core deeprooted hatred neverending wars enduring love search began opening mothers will prison middleeast rape lubnaazabal mÃ©lissadÃ©sormeauxpoulin maximgaudette denisvilleneuve drama war mystery,/dGrSn4SsuC2EMfF7qqq491ukcU.jpg,/jNICaPciTja37SkbSZh4XCsA0Q6.jpg
792,Platoon,Platoon young naive recruit Vietnam Chris Taylor faces moral crisis confronted horrors war duality man first casualty war innocence famousscore hero mine tomberenger charliesheen willemdafoe oliverstone drama war action,/8hDlxJZYCJJLRHbSk7hsRQ9SNp7.jpg,/8LdElajDZ56XA5Y8UiIbW624x14.jpg
16564,Oorlogswinter,Oorlogswinter World War II freezing Netherlands winter 19441945 western Netherlands grip famine Many people move east provide families Fourteen year old Michiel cant wait join Dutch resistance dismay father who mayor works prevent escalations village 1945 Holland boy must choose good evil netherlands worldwarii martijnlakemeier melodyklaver yorickvanwageningen martinkoolhoven drama history war,/rzzU9KsBMjUJetn7AhGdD6muPMM.jpg,/tVXUIwhmL5h17JMOXyjji0FTPCk.jpg
22649,A Farewell to Arms,Farewell Arms British nurse Catherine Barkley Helen Hayes American Lieutenant Frederic Henry Gary Cooper fall love First World War Italy Eventually separated Frederics transfer tremendous challenges difficult decisions face each war rages on Academy Awards winner Best Cinematography Best Sound Recording Nominated Best Picture Best Art Direction Every woman loved understand italy nurse loveletter helenhayes garycooper adolphemenjou frankborzage drama romance war,/eNmPByGZJqlp60nCZRhsAlVAb3F.jpg,/4WzW6dKahKoscVUGLxZRTWokqBx.jpg
17339,Force 10 from Navarone,Force 10 Navarone Mallory Miller back survivors Navarone sent mission along unit called Force 10 led Colonel Barnsby Force 10 mission boys know nothing about  gun traitor nazis harrisonford robertshaw barbarabach guyhamilton action adventure war,/3bFRwivCZuXx7fHWt4SpYaiHkNL.jpg,/eqlYZEs8RZvlBRu0jud7veEZspG.jpg
11600,Redacted,Redacted Redacted film written directed Brian De Palma fictional drama loosely based Mahmudiyah killings Iraq  iraq iraqwar izzydiaz robdevaney tyjones briandepalma drama war,/vtQHJynrYM4TF0ti96YsyIhox2H.jpg,/q33xBrApPcI3XFHNoD9BKaDR9Cl.jpg
299552,Born Of War,Born War Mina young college student life ripped away family killed finds murder part botched kidnapping return real fatherâa terrorist middle east  gun oil secretservice jamesfrain sofiablackdelia lydialeonard vickyjewson action thriller war,/rmAzBd173UrSWF8K3lEBS5JfnfY.jpg,/ilDKP6zLVTI6NOVIaFkLJDzRFFn.jpg
770,Gone with the Wind,Gone Wind American classic manipulative woman roguish man carry turbulent love affair American south Civil War Reconstruction greatest romance time lifeanddeath civilwar southernusa vivienleigh clarkgable oliviadehavilland victorfleming drama romance war,/lNz2Ow0wGCAvzckW7EOjE03KcYv.jpg,/ft8WRF2xqEwwGWa59naDUybKTAx.jpg
29715,Major Dundee,Major Dundee last winter Civil War cavalry officer Amos Dundee leads contentious troop Army regulars Confederate prisoners scouts expedition Mexico destroy band Apaches raiding US bases Texas  mexico prisonersofwar apache charltonheston richardharris jimhutton sampeckinpah war western,/afdhdupMyfn3tDoL3XosgQF82gX.jpg,/jO2RzwksrbrlwxHnDkXjtoH2mvc.jpg
826,The Bridge on the River Kwai,Bridge River Kwai classic story English POWs Burma forced build bridge aid war effort Japanese captors British American intelligence officers conspire blow structure Col Nicholson  commander supervised bridges construction acquired sense pride creation tries foil plans spans whole new world entertainment japan resistance japanese williamholden alecguinness jackhawkins davidlean drama history war,/7paXMt2e3Tr5dLmEZOGgFEn2Vo7.jpg,/cX4xeWZ0DebcpFoxCXeKbBOZQs4.jpg
281230,Fort McCoy,Fort McCoy Unable serve World War II heart condition barber moves family adjacent Wisconsin army base prisonerofwar camp provide services even rural America  far frontline  war finds victims  womandirector ericstoltz kateconnor lyndsyfonseca michaelworth war drama history,/4ok9jMdmjQUKtuTNwX0w0My9wib.jpg,
43306,A Guy Named Joe,Guy Named Joe Pete Sandidge Tracy daredevil bomber pilot dies crashes plane German aircraft carrier leaving devoted girlfriend Dorinda Irene Dunne also pilot heartbroken heaven Pete receives new assignment become guardian angel Ted Randall Van Johnson young Army flyer Invisibly Pete guides Ted flight school combat ectoplasmic mentors tolerance tested Ted falls Dorinda Ultimately however Pete comes terms relationship also acts Dorindas copilot undertakes dangerous bombing raid Ted to Remade Steven Speilberg 1989 ALWAYS GUY  GAL  PAL  Swell pilot airplane ghost spencertracy irenedunne vanjohnson victorfleming drama romance war,/rrdaUol9hZEde4HloyVuG860OH7.jpg,/cez9he2zb0Jv2AdLhdxcpVph5FS.jpg
8885,Vals Im Bashir,Vals Im Bashir Much awarded animated documentary director Israeli army veteran Ari Folman interviews friends former soldiers memories 1982 Lebanon war especially Sabra Shatila massacre Beirut usage animation enabled Folman illustrate personal memories dreams  israel palestine middleeast arifolman ronbenyishai drorharazi arifolman drama animation war,/zQaCv7lKwHsh0YSHkt1QNjIOZ1c.jpg,/oTclC89GNdGQ25XjowvMlCpLyMi.jpg
935,Dr. Strangelove or: How I Learned to Stop Worrying and Love the Bomb,Dr Strangelove or Learned Stop Worrying Love Bomb Insane General Jack D Ripper initiates nuclear strike Soviet Union soon actions General Buck Turgidson discovered war room full politicians generals Russian diplomat frantically try stop nuclear strike Near end scene probably uniquely unforgettable performance Slim Pickens movie career Peter Sellers plays multiple roles film hotline suspense comedy usapresident general coldwar petersellers georgecscott sterlinghayden stanleykubrick drama comedy war,/7SixLzxcqezkZEYU8pcHZgbkmjp.jpg,/sTp8K0SfcC2RQef1Tu160z3niHO.jpg
11426,From Here to Eternity,Eternity 1941 Hawaii private cruelly punished boxing units team captains wife second command falling love Pouring impassioned pagesbrawling way greatness screen hawaii harassment pearlharbor burtlancaster montgomeryclift deborahkerr fredzinnemann war drama romance,/mJFzGDs8OMyXotbunp800D9SID0.jpg,/tbEFMCBOZphuXXKnaCe8OjcHizt.jpg
72913,Amigo,Amigo Rafael village mayor caught murderous crossfire PhilippineAmerican War US troops occupy village Rafael comes pressure toughasnails officer help Americans hunt Filipino guerilla fighters Rafaels brother head local guerillas considers anyone cooperates Americans traitor Rafael quickly finds forced make impossible potentially deadly decisions faced ordinary civilians occupied country  ambush rebel rain chriscooper djqualls garretdillahunt johnsayles drama history war,/xoTLq0RQJIjbyBbACHemPLKhsZ5.jpg,/6TyP5cMiLkuqzVzbqVeMV3K9xyU.jpg
3060,The Big Parade,Big Parade story idle rich boy joins US Armys Rainbow Division sent France fight World War I becomes friends two working class men experiences horrors trench warfare finds love French girl  worldwari silentfilm johngilbert renÃ©eadorÃ©e hobartbosworth kingvidor drama romance war,/8aBXJEkAHcwG2ghNYh6GIFd9ool.jpg,/sht6I2skgyihxaRGD0vx2kxBtxj.jpg
